RxPacketsByTx0;RxPacketsByTx1;RxPacketsByTx2;RxPackets;RxTime;RxId;TxId;TxTime;TxxPos;TxyPos;RxxPos;RxyPos;count;distance
1;0;0;1;2025;0;2;2021;24;30;12;10;1;23.2441
1;1;0;2;2025;1;2;2021;24;30;16;20;2;12.6777
2;1;0;3;2125;0;2;2121;25;30;12;10;3;23.4505
2;2;0;4;2125;1;2;2121;25;30;17;20;4;12.8016
3;2;0;5;2225;0;2;2221;26;30;13;10;5;23.6618
3;3;0;6;2225;1;2;2221;26;30;17;20;6;12.9274
4;3;0;7;2325;0;2;2321;27;30;13;10;7;23.878
4;4;0;8;2325;1;2;2321;27;30;18;20;8;13.0551
5;4;0;9;2425;0;2;2421;29;30;14;10;9;24.6707
5;5;0;10;2425;1;2;2421;29;30;19;20;10;13.857
6;5;0;11;2525;0;2;2521;30;30;15;10;11;24.907
6;6;0;12;2525;1;2;2521;30;30;20;20;12;13.9962
7;6;0;13;2625;0;2;2621;31;30;15;10;13;25.1474
7;7;0;14;2625;1;2;2621;31;30;21;20;14;14.1369
8;7;0;15;2725;0;2;2721;32;30;16;10;15;25.3919
8;8;0;16;2725;1;2;2721;32;30;21;20;16;14.279
9;8;0;17;2825;0;2;2821;33;30;16;10;17;25.6403
9;9;0;18;2825;1;2;2821;33;30;22;20;18;14.4224
10;9;0;19;2828;0;1;2824;22;20;16;10;19;11.1922
10;9;1;20;2828;2;1;2824;22;20;33;30;20;15.5799
10;10;1;21;2905;1;0;2901;17;10;23;20;21;11.7911
10;10;2;22;2905;2;0;2901;17;10;34;30;22;26.8212
11;10;2;23;2925;0;2;2921;35;30;17;10;23;26.5388
11;11;2;24;2925;1;2;2921;35;30;23;20;24;15.3097
12;11;2;25;2928;0;1;2924;23;20;17;10;25;11.3774
12;11;3;26;2928;2;1;2924;23;20;35;30;26;15.7338
12;12;3;27;3005;1;0;3001;18;10;24;20;27;11.6864
12;12;4;28;3005;2;0;3001;18;10;36;30;28;26.9549
13;12;4;29;3025;0;2;3021;36;30;18;10;29;26.8034
13;13;4;30;3025;1;2;3021;36;30;24;20;30;15.4617
14;13;4;31;3028;0;1;3024;24;20;18;10;31;11.5736
14;13;5;32;3028;2;1;3024;24;20;36;30;32;15.8887
14;14;5;33;3105;1;0;3101;18;10;24;20;33;12.1197
14;14;6;34;3105;2;0;3101;18;10;37;30;34;27.7737
15;14;6;35;3125;0;2;3121;37;30;18;10;35;27.0714
15;15;6;36;3125;1;2;3121;37;30;25;20;36;15.6148
16;15;6;37;3128;0;1;3124;24;20;18;10;37;11.2834
16;15;7;38;3128;2;1;3124;24;20;37;30;38;16.8382
16;16;7;39;3205;1;0;3201;19;10;25;20;39;12.0078
16;16;8;40;3205;2;0;3201;19;10;38;30;40;27.9128
17;16;8;41;3225;0;2;3221;38;30;19;10;41;27.3425
17;17;8;42;3225;1;2;3221;38;30;25;20;42;15.7689
18;17;8;43;3228;0;1;3224;25;20;19;10;43;11.4742
18;17;9;44;3228;2;1;3224;25;20;38;30;44;16.9995
18;18;9;45;3305;1;0;3301;19;10;26;20;45;12.4685
18;18;10;46;3305;2;0;3301;19;10;39;30;46;28.7628
19;18;10;47;3325;0;2;3321;39;30;19;10;47;27.6168
19;19;10;48;3325;1;2;3321;39;30;26;20;48;15.9241
20;19;10;49;3328;0;1;3324;26;20;19;10;49;11.6755
20;19;11;50;3328;2;1;3324;26;20;39;30;50;17.1617
20;20;11;51;3405;1;0;3401;20;10;27;20;51;12.3501
20;20;12;52;3405;2;0;3401;20;10;40;30;52;28.9068
21;20;12;53;3425;0;2;3421;41;30;20;10;53;28.6003
21;21;12;54;3425;1;2;3421;41;30;27;20;54;16.8748
22;21;12;55;3428;0;1;3424;27;20;20;10;55;11.8869
22;21;13;56;3428;2;1;3424;27;20;41;30;56;17.3246
22;22;13;57;3505;1;0;3501;21;10;28;20;57;12.2338
22;22;14;58;3505;2;0;3501;21;10;42;30;58;29.0516
23;22;14;59;3525;0;2;3521;42;30;21;10;59;28.8875
23;23;14;60;3525;1;2;3521;42;30;28;20;60;17.0363
24;23;14;61;3528;0;1;3524;28;20;21;10;61;12.1079
24;23;15;62;3528;2;1;3524;28;20;42;30;62;17.4883
24;24;15;63;3605;1;0;3601;21;10;28;20;63;12.7115
24;24;16;64;3605;2;0;3601;21;10;43;30;64;29.9333
25;24;16;65;3625;0;2;3621;43;30;21;10;65;29.1775
25;25;16;66;3625;1;2;3621;43;30;29;20;66;17.1986
26;25;16;67;3628;0;1;3624;28;20;21;10;67;11.78
26;25;17;68;3628;2;1;3624;28;20;43;30;68;18.4855
26;26;17;69;3705;1;0;3701;22;10;29;20;69;12.589
26;26;18;70;3705;2;0;3701;22;10;44;30;70;30.0824
27;26;18;71;3725;0;2;3721;44;30;22;10;71;29.47
27;27;18;72;3725;1;2;3721;44;30;29;20;72;17.3617
28;27;18;73;3728;0;1;3724;29;20;22;10;73;11.9962
28;27;19;74;3728;2;1;3724;29;20;44;30;74;18.654
28;28;19;75;3805;1;0;3801;22;10;30;20;75;13.0904
28;28;20;76;3805;2;0;3801;22;10;45;30;76;30.9891
29;28;20;77;3825;0;2;3821;45;30;22;10;77;29.765
29;29;20;78;3825;1;2;3821;45;30;30;20;78;17.5256
30;29;20;79;3828;0;1;3824;30;20;22;10;79;12.2217
30;29;21;80;3828;2;1;3824;30;20;45;30;80;18.8232
30;30;21;81;3905;1;0;3901;23;10;31;20;81;12.9623
30;30;22;82;3905;2;0;3901;23;10;46;30;82;31.1421
31;30;22;83;3925;0;2;3921;47;30;23;10;83;30.8162
31;31;22;84;3925;1;2;3921;47;30;31;20;84;18.5237
32;31;22;85;3928;0;1;3924;31;20;23;10;85;12.456
32;31;23;86;3928;2;1;3924;31;20;47;30;86;18.9929
32;32;23;87;4005;1;0;4001;24;10;32;20;87;12.8359
32;32;24;88;4005;2;0;4001;24;10;48;30;88;31.2957
33;32;24;89;4025;0;2;4021;48;30;24;10;89;31.1216
33;33;24;90;4025;1;2;4021;48;30;32;20;90;18.6924
34;33;24;91;4028;0;1;4024;32;20;24;10;91;12.6985
34;33;25;92;4028;2;1;4024;32;20;48;30;92;19.1632
34;34;25;93;4105;1;0;4101;24;10;32;20;93;13.352
34;34;26;94;4105;2;0;4101;24;10;49;30;94;32.2278
35;34;26;95;4125;0;2;4121;49;30;24;10;95;31.4292
35;35;26;96;4125;1;2;4121;49;30;33;20;96;18.8617
36;35;26;97;4128;0;1;4124;32;20;24;10;97;12.3378
36;35;27;98;4128;2;1;4124;32;20;49;30;98;20.1966
36;36;27;99;4205;1;0;4201;25;10;33;20;99;13.2204
36;36;28;100;4205;2;0;4201;25;10;50;30;100;32.3849
37;36;28;101;4225;0;2;4221;50;30;25;10;101;31.7387
37;37;28;102;4225;1;2;4221;50;30;33;20;102;19.0315
38;37;28;103;4228;0;1;4224;33;20;25;10;103;12.5763
38;37;29;104;4228;2;1;4224;33;20;50;30;104;20.3706
38;38;29;105;4305;1;0;4301;25;10;34;20;105;13.757
38;38;30;106;4305;2;0;4301;25;10;51;30;106;33.3369
39;38;30;107;4325;0;2;4321;51;30;25;10;107;32.0503
39;39;30;108;4325;1;2;4321;51;30;34;20;108;19.202
40;39;30;109;4328;0;1;4324;34;20;25;10;109;12.8228
40;39;31;110;4328;2;1;4324;34;20;51;30;110;20.5451
40;40;31;111;4405;1;0;4401;26;10;35;20;111;13.6204
40;40;32;112;4405;2;0;4401;26;10;52;30;112;33.4971
41;40;32;113;4425;0;2;4421;53;30;26;10;113;33.1558
41;41;32;114;4425;1;2;4421;53;30;35;20;114;20.2361
42;41;32;115;4428;0;1;4424;35;20;26;10;115;13.0769
42;41;33;116;4428;2;1;4424;35;20;53;30;116;20.72
42;42;33;117;4505;1;0;4501;27;10;36;20;117;13.4854
42;42;34;118;4505;2;0;4501;27;10;54;30;118;33.6578
43;42;34;119;4525;0;2;4521;54;30;27;10;119;33.4757
43;43;34;120;4525;1;2;4521;54;30;36;20;120;20.4102
44;43;34;121;4528;0;1;4524;36;20;27;10;121;13.3381
44;43;35;122;4528;2;1;4524;36;20;54;30;122;20.8954
44;44;35;123;4605;1;0;4601;27;10;36;20;123;14.0347
44;44;36;124;4605;2;0;4601;27;10;55;30;124;34.6303
45;44;36;125;4625;0;2;4621;55;30;27;10;125;33.7973
45;45;36;126;4625;1;2;4621;55;30;37;20;126;20.5848
46;45;36;127;4628;0;1;4624;36;20;27;10;127;12.9489
46;45;37;128;4628;2;1;4624;36;20;55;30;128;21.9566
46;46;37;129;4705;1;0;4701;28;10;37;20;129;13.8951
46;46;38;130;4705;2;0;4701;28;10;56;30;130;34.7938
47;46;38;131;4725;0;2;4721;56;30;28;10;131;34.1206
47;47;38;132;4725;1;2;4721;56;30;37;20;132;20.7598
48;47;38;133;4728;0;1;4724;37;20;28;10;133;13.2066
48;47;39;134;4728;2;1;4724;37;20;56;30;134;22.1348
48;48;39;135;4805;1;0;4801;28;10;38;20;135;14.462
48;48;40;136;4805;2;0;4801;28;10;57;30;136;35.7824
49;48;40;137;4825;0;2;4821;57;30;28;10;137;34.4455
49;49;40;138;4825;1;2;4821;57;30;38;20;138;20.9353
50;49;40;139;4828;0;1;4824;38;20;28;10;139;13.4713
50;49;41;140;4828;2;1;4824;38;20;57;30;140;22.3134
50;50;41;141;4905;1;0;4901;29;10;39;20;141;14.3182
50;50;42;142;4905;2;0;4901;29;10;58;30;142;35.9484
51;50;42;143;4925;0;2;4921;59;30;29;10;143;35.5946
51;51;42;144;4925;1;2;4921;59;30;39;20;144;21.997
52;51;42;145;4928;0;1;4924;39;20;29;10;145;13.7425
52;51;43;146;4928;2;1;4924;39;20;59;30;146;22.4924
52;52;43;147;5005;1;0;5001;30;10;40;20;147;14.1757
52;52;44;148;5005;2;0;5001;30;10;60;30;148;36.1147
53;52;44;149;5025;0;2;5021;60;30;30;10;149;35.9262
53;53;44;150;5025;1;2;5021;60;30;40;20;150;22.1753
54;53;44;151;5028;0;1;5024;40;20;30;10;151;14.0199
54;53;45;152;5028;2;1;5024;40;20;60;30;152;22.6717
54;54;45;153;5105;1;0;5101;30;10;40;20;153;14.7535
54;54;46;154;5105;2;0;5101;30;10;61;30;154;37.1199
55;54;46;155;5125;0;2;5121;61;30;30;10;155;36.2591
55;55;46;156;5125;1;2;5121;61;30;41;20;156;22.354
56;55;46;157;5128;0;1;5124;40;20;30;10;157;13.6061
56;55;47;158;5128;2;1;5124;40;20;61;30;158;23.7546
56;56;47;159;5205;1;0;5201;31;10;41;20;159;14.6071
56;56;48;160;5205;2;0;5201;31;10;62;30;160;37.2885
57;56;48;161;5225;0;2;5221;62;30;31;10;161;36.5935
57;57;48;162;5225;1;2;5221;62;30;41;20;162;22.5331
58;57;48;163;5228;0;1;5224;41;20;31;10;163;13.8805
58;57;49;164;5228;2;1;5224;41;20;62;30;164;23.9361
58;58;49;165;5305;1;0;5301;31;10;42;20;165;15.2001
58;58;50;166;5305;2;0;5301;31;10;63;30;166;38.3067
59;58;50;167;5325;0;2;5321;63;30;31;10;167;36.9291
59;59;50;168;5325;1;2;5321;63;30;42;20;168;22.7125
60;59;50;169;5328;0;1;5324;42;20;31;10;169;14.1608
60;59;51;170;5328;2;1;5324;42;20;63;30;170;24.118
60;60;51;171;5405;1;0;5401;32;10;43;20;171;15.0501
60;60;52;172;5405;2;0;5401;32;10;64;30;172;38.4774
61;60;52;173;5425;0;2;5421;65;30;32;10;173;38.1135
61;61;52;174;5425;1;2;5421;65;30;43;20;174;23.7958
62;61;52;175;5428;0;1;5424;43;20;32;10;175;14.4468
62;61;53;176;5428;2;1;5424;43;20;65;30;176;24.3001
62;62;53;177;5505;1;0;5501;33;10;44;20;177;14.9012
62;62;54;178;5505;2;0;5501;33;10;66;30;178;38.6484
63;62;54;179;5525;0;2;5521;66;30;33;10;179;38.4546
63;63;54;180;5525;1;2;5521;66;30;44;20;180;23.9774
64;63;54;181;5528;0;1;5524;44;20;33;10;181;14.7381
64;63;55;182;5528;2;1;5524;44;20;66;30;182;24.4825
64;64;55;183;5605;1;0;5601;33;10;44;20;183;15.5036
64;64;56;184;5605;2;0;5601;33;10;67;30;184;39.6801
65;64;56;185;5625;0;2;5621;67;30;33;10;185;38.7968
65;65;56;186;5625;1;2;5621;67;30;45;20;186;24.1593
66;65;56;187;5628;0;1;5624;44;20;33;10;187;14.3031
66;65;57;188;5628;2;1;5624;44;20;67;30;188;25.5826
66;66;57;189;5705;1;0;5701;34;10;45;20;189;15.3513
66;66;58;190;5705;2;0;5701;34;10;68;30;190;39.853
67;66;58;191;5725;0;2;5721;68;30;34;10;191;39.1401
67;67;58;192;5725;1;2;5721;68;30;45;20;192;24.3415
68;67;58;193;5728;0;1;5724;45;20;34;10;193;14.5918
68;67;59;194;5728;2;1;5724;45;20;68;30;194;25.7668
68;68;59;195;5805;1;0;5801;34;10;46;20;195;15.9668
68;68;60;196;5805;2;0;5801;34;10;69;30;196;40.8954
69;68;60;197;5825;0;2;5821;69;30;34;10;197;39.4845
69;69;60;198;5825;1;2;5821;69;30;46;20;198;24.524
70;69;60;199;5828;0;1;5824;46;20;34;10;199;14.8856
70;69;61;200;5828;2;1;5824;46;20;69;30;200;25.9512
70;70;61;201;5905;1;0;5901;35;10;47;20;201;15.8114
70;70;62;202;5905;2;0;5901;35;10;70;30;202;41.0699
71;70;62;203;5925;0;2;5921;71;30;35;10;203;40.6978
71;71;62;204;5925;1;2;5921;71;30;47;20;204;25.6244
72;71;62;205;5928;0;1;5924;47;20;35;10;205;15.1843
72;71;63;206;5928;2;1;5924;47;20;71;30;206;26.1359
72;72;63;207;6005;1;0;6001;36;10;48;20;207;15.657
72;72;64;208;6005;2;0;6001;36;10;72;30;208;41.2447
73;72;64;209;6025;0;2;6021;72;30;36;10;209;41.0466
73;73;64;210;6025;1;2;6021;72;30;48;20;210;25.8087
74;73;64;211;6028;0;1;6024;48;20;36;10;211;15.4876
74;73;65;212;6028;2;1;6024;48;20;72;30;212;26.3208
74;74;65;213;6105;1;0;6101;36;10;48;20;213;16.2806
74;74;66;214;6105;2;0;6101;36;10;73;30;214;42.2982
75;74;66;215;6125;0;2;6121;73;30;36;10;215;41.3964
75;75;66;216;6125;1;2;6121;73;30;49;20;216;25.9931
76;75;66;217;6128;0;1;6124;48;20;36;10;217;15.0344
76;75;67;218;6128;2;1;6124;48;20;73;30;218;27.4346
76;76;67;219;6205;1;0;6201;37;10;49;20;219;16.1232
76;76;68;220;6205;2;0;6201;37;10;74;30;220;42.4745
77;76;68;221;6225;0;2;6221;74;30;37;10;221;41.747
77;77;68;222;6225;1;2;6221;74;30;49;20;222;26.1779
78;77;68;223;6228;0;1;6224;49;20;37;10;223;15.3354
78;77;69;224;6228;2;1;6224;49;20;74;30;224;27.6209
78;78;69;225;6305;1;0;6301;37;10;50;20;225;16.7581
78;78;70;226;6305;2;0;6301;37;10;75;30;226;43.5368
79;78;70;227;6325;0;2;6321;75;30;37;10;227;42.0986
79;79;70;228;6325;1;2;6321;75;30;50;20;228;26.3628
80;79;70;229;6328;0;1;6324;50;20;37;10;229;15.6408
80;79;71;230;6328;2;1;6324;50;20;75;30;230;27.8074
80;80;71;231;6405;1;0;6401;38;10;51;20;231;16.598
80;80;72;232;6405;2;0;6401;38;10;76;30;232;43.7146
81;80;72;233;6425;0;2;6421;77;30;38;10;233;43.3356
81;81;72;234;6425;1;2;6421;77;30;51;20;234;27.4769
82;81;72;235;6428;0;1;6424;51;20;38;10;235;15.9504
82;81;73;236;6428;2;1;6424;51;20;77;30;236;27.9942
82;82;73;237;6505;1;0;6501;39;10;52;20;237;16.4388
82;82;74;238;6505;2;0;6501;39;10;78;30;238;43.8925
83;82;74;239;6525;0;2;6521;78;30;39;10;239;43.6908
83;83;74;240;6525;1;2;6521;78;30;52;20;240;27.6633
84;83;74;241;6528;0;1;6524;52;20;39;10;241;16.264
84;83;75;242;6528;2;1;6524;52;20;78;30;242;28.1811
84;84;75;243;6605;1;0;6601;39;10;52;20;243;17.0807
84;84;76;244;6605;2;0;6601;39;10;79;30;244;44.964
85;84;76;245;6625;0;2;6621;79;30;39;10;245;44.0469
85;85;76;246;6625;1;2;6621;79;30;53;20;246;27.8498
86;85;76;247;6628;0;1;6624;52;20;39;10;247;15.7951
86;85;77;248;6628;2;1;6624;52;20;79;30;248;29.3061
86;86;77;249;6705;1;0;6701;40;10;53;20;249;16.919
86;86;78;250;6705;2;0;6701;40;10;80;30;250;45.1433
87;86;78;251;6725;0;2;6721;80;30;40;10;251;44.4036
87;87;78;252;6725;1;2;6721;80;30;53;20;252;28.0366
88;87;78;253;6728;0;1;6724;53;20;40;10;253;16.1067
88;87;79;254;6728;2;1;6724;53;20;80;30;254;29.4941
88;88;79;255;6805;1;0;6801;40;10;54;20;255;17.5707
88;88;80;256;6805;2;0;6801;40;10;81;30;256;46.2221
89;88;80;257;6825;0;2;6821;81;30;40;10;257;44.7611
89;89;80;258;6825;1;2;6821;81;30;54;20;258;28.2235
90;89;80;259;6828;0;1;6824;54;20;40;10;259;16.4222
90;89;81;260;6828;2;1;6824;54;20;81;30;260;29.6824
90;90;81;261;6905;1;0;6901;41;10;55;20;261;17.4066
90;90;82;262;6905;2;0;6901;41;10;82;30;262;46.4025
91;90;82;263;6925;0;2;6921;83;30;41;10;263;46.0178
91;91;82;264;6925;1;2;6921;83;30;55;20;264;29.3488
92;91;82;265;6928;0;1;6924;55;20;41;10;265;16.7412
92;91;83;266;6928;2;1;6924;55;20;83;30;266;29.8707
92;92;83;267;7005;1;0;7001;42;10;56;20;267;17.2433
92;92;84;268;7005;2;0;7001;42;10;84;30;268;46.5831
93;92;84;269;7025;0;2;7021;84;30;42;10;269;46.3784
93;93;84;270;7025;1;2;7021;84;30;56;20;270;29.5369
94;93;84;271;7028;0;1;7024;56;20;42;10;271;17.0637
94;93;85;272;7028;2;1;7024;56;20;84;30;272;30.0593
94;94;85;273;7105;1;0;7101;42;10;56;20;273;17.901
94;94;86;274;7105;2;0;7101;42;10;85;30;274;47.6696
95;94;86;275;7125;0;2;7121;85;30;42;10;275;46.7396
95;95;86;276;7125;1;2;7121;85;30;57;20;276;29.7251
96;95;86;277;7128;0;1;7124;56;20;42;10;277;16.5813
96;95;87;278;7128;2;1;7124;56;20;85;30;278;31.1935
96;96;87;279;7205;1;0;7201;43;10;57;20;279;17.7355
96;96;88;280;7205;2;0;7201;43;10;86;30;280;47.8512
97;96;88;281;7225;0;2;7221;86;30;43;10;281;47.1015
97;97;88;282;7225;1;2;7221;86;30;57;20;282;29.9136
98;97;88;283;7228;0;1;7224;57;20;43;10;283;16.9021
98;97;89;284;7228;2;1;7224;57;20;86;30;284;31.383
98;98;89;285;7305;1;0;7301;43;10;58;20;285;18.4017
98;98;90;286;7305;2;0;7301;43;10;87;30;286;48.944
99;98;90;287;7325;0;2;7321;87;30;43;10;287;47.4639
99;99;90;288;7325;1;2;7321;87;30;58;20;288;30.1021
100;99;90;289;7328;0;1;7324;58;20;43;10;289;17.2262
100;99;91;290;7328;2;1;7324;58;20;87;30;290;31.5726
100;100;91;291;7405;1;0;7401;44;10;59;20;291;18.2341
100;100;92;292;7405;2;0;7401;44;10;88;30;292;49.1266
101;100;92;293;7425;0;2;7421;89;30;44;10;293;48.7371
101;101;92;294;7425;1;2;7421;89;30;59;20;294;31.2365
102;101;92;295;7428;0;1;7424;59;20;44;10;295;17.5534
102;101;93;296;7428;2;1;7424;59;20;89;30;296;31.7624
102;102;93;297;7505;1;0;7501;45;10;60;20;297;18.0672
102;102;94;298;7505;2;0;7501;45;10;90;30;298;49.3093
103;102;94;299;7525;0;2;7521;90;30;45;10;299;49.1022
103;103;94;300;7525;1;2;7521;90;30;60;20;300;31.4261
104;103;94;301;7528;0;1;7524;60;20;45;10;301;17.8836
104;103;95;302;7528;2;1;7524;60;20;90;30;302;31.9523
104;104;95;303;7605;1;0;7601;45;10;60;20;303;18.7388
104;104;96;304;7605;2;0;7601;45;10;91;30;304;50.4085
105;104;96;305;7625;0;2;7621;91;30;45;10;305;49.4678
105;105;96;306;7625;1;2;7621;91;30;61;20;306;31.6157
106;105;96;307;7628;0;1;7624;60;20;45;10;307;17.3894
106;105;97;308;7628;2;1;7624;60;20;91;30;308;33.0941
106;106;97;309;7705;1;0;7701;46;10;61;20;309;18.5699
106;106;98;310;7705;2;0;7701;46;10;92;30;310;50.5922
107;106;98;311;7725;0;2;7721;92;30;46;10;311;49.8339
107;107;98;312;7725;1;2;7721;92;30;61;20;312;31.8055
108;107;98;313;7728;0;1;7724;61;20;46;10;313;17.7181
108;107;99;314;7728;2;1;7724;61;20;92;30;314;33.2848
108;108;99;315;7805;1;0;7801;46;10;62;20;315;19.2488
108;108;100;316;7805;2;0;7801;46;10;93;30;316;51.6966
109;108;100;317;7825;0;2;7821;93;30;46;10;317;50.2005
109;109;100;318;7825;1;2;7821;93;30;62;20;318;31.9954
110;109;100;319;7828;0;1;7824;62;20;46;10;319;18.0498
110;109;101;320;7828;2;1;7824;62;20;93;30;320;33.4757
110;110;101;321;7905;1;0;7901;47;10;63;20;321;19.0782
110;110;102;322;7905;2;0;7901;47;10;94;30;322;51.8811
111;110;102;323;7925;0;2;7921;95;30;47;10;323;51.4876
111;111;102;324;7925;1;2;7921;95;30;63;20;324;33.1374
112;111;102;325;7928;0;1;7924;63;20;47;10;325;18.3841
112;111;103;326;7928;2;1;7924;63;20;95;30;326;33.6666
112;112;103;327;8005;1;0;8001;48;10;64;20;327;18.9082
112;112;104;328;8005;2;0;8001;48;10;96;30;328;52.0657
113;112;104;329;8025;0;2;8021;96;30;48;10;329;51.8564
113;113;104;330;8025;1;2;8021;96;30;64;20;330;33.3282
114;113;104;331;8028;0;1;8024;64;20;48;10;331;18.721
114;113;105;332;8028;2;1;8024;64;20;96;30;332;33.8576
114;114;105;333;8105;1;0;8101;48;10;64;20;333;19.5917
114;114;106;334;8105;2;0;8101;48;10;97;30;334;53.1756
115;114;106;335;8125;0;2;8121;97;30;48;10;335;52.2257
115;115;106;336;8125;1;2;8121;97;30;65;20;336;33.519
116;115;106;337;8128;0;1;8124;64;20;48;10;337;18.2166
116;115;107;338;8128;2;1;8124;64;20;97;30;338;35.0059
116;116;107;339;8205;1;0;8201;49;10;65;20;339;19.42
116;116;108;340;8205;2;0;8201;49;10;98;30;340;53.361
117;116;108;341;8225;0;2;8221;98;30;49;10;341;52.5954
117;117;108;342;8225;1;2;8221;98;30;65;20;342;33.71
118;117;108;343;8228;0;1;8224;65;20;49;10;343;18.5522
118;117;109;344;8228;2;1;8224;65;20;98;30;344;35.1976
118;118;109;345;8305;1;0;8301;49;10;66;20;345;20.11
118;118;110;346;8305;2;0;8301;49;10;99;30;346;54.4754
119;118;110;347;8325;0;2;8321;99;30;49;10;347;52.9656
119;119;110;348;8325;1;2;8321;99;30;66;20;348;33.901
120;119;110;349;8328;0;1;8324;66;20;49;10;349;18.8904
120;119;111;350;8328;2;1;8324;66;20;99;30;350;35.3894
120;120;111;351;8405;1;0;8401;50;10;67;20;351;19.9367
120;120;112;352;8405;2;0;8401;50;10;100;30;352;54.6614
121;120;112;353;8425;0;2;8421;101;30;50;10;353;54.2645
121;121;112;354;8425;1;2;8421;101;30;67;20;354;35.0494
122;121;112;355;8428;0;1;8424;67;20;50;10;355;19.2309
122;121;113;356;8428;2;1;8424;67;20;101;30;356;35.5813
122;122;113;357;8505;1;0;8501;51;10;68;20;357;19.764
122;122;114;358;8505;2;0;8501;51;10;102;30;358;54.8476
123;122;114;359;8525;0;2;8521;102;30;51;10;359;54.6366
123;123;114;360;8525;1;2;8521;102;30;68;20;360;35.2411
124;123;114;361;8528;0;1;8524;68;20;51;10;361;19.5737
124;123;115;362;8528;2;1;8524;68;20;102;30;362;35.7733
124;124;115;363;8605;1;0;8601;51;10;68;20;363;20.458
124;124;116;364;8605;2;0;8601;51;10;103;30;364;55.9667
125;124;116;365;8625;0;2;8621;103;30;51;10;365;55.009
125;125;116;366;8625;1;2;8621;103;30;69;20;366;35.433
126;125;116;367;8628;0;1;8624;68;20;51;10;367;19.0604
126;125;117;368;8628;2;1;8624;68;20;103;30;368;36.9269
126;126;117;369;8705;1;0;8701;52;10;69;20;369;20.2838
126;126;118;370;8705;2;0;8701;52;10;104;30;370;56.1535
127;126;118;371;8725;0;2;8721;104;30;52;10;371;55.3818
127;127;118;372;8725;1;2;8721;104;30;69;20;372;35.6249
128;127;118;373;8728;0;1;8724;69;20;52;10;373;19.402
128;127;119;374;8728;2;1;8724;69;20;104;30;374;37.1195
128;128;119;375;8805;1;0;8801;52;10;70;20;375;20.9835
128;128;120;376;8805;2;0;8801;52;10;105;30;376;57.2764
129;128;120;377;8825;0;2;8821;105;30;52;10;377;55.755
129;129;120;378;8825;1;2;8821;105;30;70;20;378;35.8169
130;129;120;379;8828;0;1;8824;70;20;52;10;379;19.7459
130;129;121;380;8828;2;1;8824;70;20;105;30;380;37.3122
130;130;121;381;8905;1;0;8901;53;10;71;20;381;20.8079
130;130;122;382;8905;2;0;8901;53;10;106;30;382;57.4639
131;130;122;383;8925;0;2;8921;107;30;53;10;383;57.0641
131;131;122;384;8925;1;2;8921;107;30;71;20;384;36.9707
132;131;122;385;8928;0;1;8924;71;20;53;10;385;20.0918
132;131;123;386;8928;2;1;8924;71;20;107;30;386;37.5049
132;132;123;387;9005;1;0;9001;54;10;72;20;387;20.6327
132;132;124;388;9005;2;0;9001;54;10;108;30;388;57.6514
133;132;124;389;9025;0;2;9021;108;30;54;10;389;57.4389
133;133;124;390;9025;1;2;9021;108;30;72;20;390;37.1633
134;133;124;391;9028;0;1;9024;72;20;54;10;391;20.4397
134;133;125;392;9028;2;1;9024;72;20;108;30;392;37.6977
134;134;125;393;9105;1;0;9101;54;10;72;20;393;21.336
134;134;126;394;9105;2;0;9101;54;10;109;30;394;58.7784
135;134;126;395;9125;0;2;9121;109;30;54;10;395;57.814
135;135;126;396;9125;1;2;9121;109;30;73;20;396;37.3559
136;135;126;397;9128;0;1;9124;72;20;54;10;397;19.9186
136;135;127;398;9128;2;1;9124;72;20;109;30;398;38.856
136;136;127;399;9205;1;0;9201;55;10;73;20;399;21.1596
136;136;128;400;9205;2;0;9201;55;10;110;30;400;58.9665
137;136;128;401;9225;0;2;9221;110;30;55;10;401;58.1895
137;137;128;402;9225;1;2;9221;110;30;73;20;402;37.5487
138;137;128;403;9228;0;1;9224;73;20;55;10;403;20.2655
138;137;129;404;9228;2;1;9224;73;20;110;30;404;39.0493
138;138;129;405;9305;1;0;9301;55;10;74;20;405;21.8678
138;138;130;406;9305;2;0;9301;55;10;111;30;406;60.0967
139;138;130;407;9325;0;2;9321;111;30;55;10;407;58.5653
139;139;130;408;9325;1;2;9321;111;30;74;20;408;37.7415
140;139;130;409;9328;0;1;9324;74;20;55;10;409;20.6144
140;139;131;410;9328;2;1;9324;74;20;111;30;410;39.2427
140;140;131;411;9405;1;0;9401;56;10;75;20;411;21.6902
140;140;132;412;9405;2;0;9401;56;10;112;30;412;60.2854
141;140;132;413;9425;0;2;9421;113;30;56;10;413;59.883
141;141;132;414;9425;1;2;9421;113;30;75;20;414;38.8999
142;141;132;415;9428;0;1;9424;75;20;56;10;415;20.965
142;141;133;416;9428;2;1;9424;75;20;113;30;416;39.4361
142;142;133;417;9505;1;0;9501;57;10;76;20;417;21.5129
142;142;134;418;9505;2;0;9501;57;10;114;30;418;60.4741
143;142;134;419;9525;0;2;9521;114;30;57;10;419;60.2602
143;143;134;420;9525;1;2;9521;114;30;76;20;420;39.0932
144;143;134;421;9528;0;1;9524;76;20;57;10;421;21.3175
144;143;135;422;9528;2;1;9524;76;20;114;30;422;39.6296
144;144;135;423;9605;1;0;9601;57;10;76;20;423;22.2243
144;144;136;424;9605;2;0;9601;57;10;115;30;424;61.6078
145;144;136;425;9625;0;2;9621;115;30;57;10;425;60.6377
145;145;136;426;9625;1;2;9621;115;30;77;20;426;39.2866
146;145;136;427;9628;0;1;9624;76;20;57;10;427;20.7895
146;145;137;428;9628;2;1;9624;76;20;115;30;428;40.7919
146;146;137;429;9705;1;0;9701;58;10;77;20;429;22.0459
146;146;138;430;9705;2;0;9701;58;10;116;30;430;61.797
147;146;138;431;9725;0;2;9721;116;30;58;10;431;61.0154
147;147;138;432;9725;1;2;9721;116;30;77;20;432;39.48
148;147;138;433;9728;0;1;9724;77;20;58;10;433;21.141
148;147;139;434;9728;2;1;9724;77;20;116;30;434;40.9858
148;148;139;435;9805;1;0;9801;58;10;78;20;435;22.7618
148;148;140;436;9805;2;0;9801;58;10;117;30;436;62.9337
149;148;140;437;9825;0;2;9821;117;30;58;10;437;61.3934
149;149;140;438;9825;1;2;9821;117;30;78;20;438;39.6735
150;149;140;439;9828;0;1;9824;78;20;58;10;439;21.4943
150;149;141;440;9828;2;1;9824;78;20;117;30;440;41.1798
150;150;141;441;9905;1;0;9901;59;10;79;20;441;22.5823
150;150;142;442;9905;2;0;9901;59;10;118;30;442;63.1233
151;150;142;443;9925;0;2;9921;119;30;59;10;443;62.7187
151;151;142;444;9925;1;2;9921;119;30;79;20;444;40.8359
152;151;142;445;9928;0;1;9924;79;20;59;10;445;21.8492
152;151;143;446;9928;2;1;9924;79;20;119;30;446;41.3738
152;152;143;447;10005;1;0;10001;60;10;80;20;447;22.4031
152;152;144;448;10005;2;0;10001;60;10;120;30;448;63.313
153;152;144;449;10025;0;2;10021;120;30;60;10;449;63.098
153;153;144;450;10025;1;2;10021;120;30;80;20;450;41.0299
154;153;144;451;10028;0;1;10024;80;20;60;10;451;22.2056
154;153;145;452;10028;2;1;10024;80;20;120;30;452;41.5679
154;154;145;453;10105;1;0;10101;60;10;80;20;453;23.1217
154;154;146;454;10105;2;0;10101;60;10;121;30;454;64.4527
155;154;146;455;10125;0;2;10121;121;30;60;10;455;63.4775
155;155;146;456;10125;1;2;10121;121;30;81;20;456;41.2238
156;155;146;457;10128;0;1;10124;80;20;60;10;457;21.6715
156;155;147;458;10128;2;1;10124;80;20;121;30;458;42.7337
156;156;147;459;10205;1;0;10201;61;10;81;20;459;22.9416
156;156;148;460;10205;2;0;10201;61;10;122;30;460;64.6429
157;156;148;461;10225;0;2;10221;122;30;61;10;461;63.8572
157;157;148;462;10225;1;2;10221;122;30;81;20;462;41.4179
158;157;148;463;10228;0;1;10224;81;20;61;10;463;22.0272
158;157;149;464;10228;2;1;10224;81;20;122;30;464;42.9281
158;158;149;465;10305;1;0;10301;61;10;82;20;465;23.6642
158;158;150;466;10305;2;0;10301;61;10;123;30;466;65.785
159;158;150;467;10325;0;2;10321;123;30;61;10;467;64.2372
159;159;150;468;10325;1;2;10321;123;30;82;20;468;41.612
160;159;150;469;10328;0;1;10324;82;20;61;10;469;22.3843
160;159;151;470;10328;2;1;10324;82;20;123;30;470;43.1226
160;160;151;471;10405;1;0;10401;62;10;83;20;471;23.483
160;160;152;472;10405;2;0;10401;62;10;124;30;472;65.9756
161;160;152;473;10425;0;2;10421;125;30;62;10;473;65.5691
161;161;152;474;10425;1;2;10421;125;30;83;20;474;42.7778
162;161;152;475;10428;0;1;10424;83;20;62;10;475;22.7429
162;161;153;476;10428;2;1;10424;83;20;125;30;476;43.3172
162;162;153;477;10505;1;0;10501;63;10;84;20;477;23.3022
162;162;154;478;10505;2;0;10501;63;10;126;30;478;66.1662
163;162;154;479;10525;0;2;10521;126;30;63;10;479;65.9501
163;163;154;480;10525;1;2;10521;126;30;84;20;480;42.9723
164;163;154;481;10528;0;1;10524;84;20;63;10;481;23.1028
164;163;155;482;10528;2;1;10524;84;20;126;30;482;43.5118
164;164;155;483;10605;1;0;10601;63;10;84;20;483;24.0273
164;164;156;484;10605;2;0;10601;63;10;127;30;484;67.3111
165;164;156;485;10625;0;2;10621;127;30;63;10;485;66.3314
165;165;156;486;10625;1;2;10621;127;30;85;20;486;43.1668
166;165;156;487;10628;0;1;10624;84;20;63;10;487;22.5634
166;165;157;488;10628;2;1;10624;84;20;127;30;488;44.6806
166;166;157;489;10705;1;0;10701;64;10;85;20;489;23.8456
166;166;158;490;10705;2;0;10701;64;10;128;30;490;67.5021
167;166;158;491;10725;0;2;10721;128;30;64;10;491;66.7129
167;167;158;492;10725;1;2;10721;128;30;85;20;492;43.3614
168;167;158;493;10728;0;1;10724;85;20;64;10;493;22.9227
168;167;159;494;10728;2;1;10724;85;20;128;30;494;44.8755
168;168;159;495;10805;1;0;10801;64;10;86;20;495;24.5741
168;168;160;496;10805;2;0;10801;64;10;129;30;496;68.6491
169;168;160;497;10825;0;2;10821;129;30;64;10;497;67.0946
169;169;160;498;10825;1;2;10821;129;30;86;20;498;43.5561
170;169;160;499;10828;0;1;10824;86;20;64;10;499;23.2833
170;169;161;500;10828;2;1;10824;86;20;129;30;500;45.0705
170;170;161;501;10905;1;0;10901;65;10;87;20;501;24.3916
170;170;162;502;10905;2;0;10901;65;10;130;30;502;68.8404
171;170;162;503;10925;0;2;10921;131;30;65;10;503;68.4323
171;171;162;504;10925;1;2;10921;131;30;87;20;504;44.7249
172;171;162;505;10928;0;1;10924;87;20;65;10;505;23.6451
172;171;163;506;10928;2;1;10924;87;20;131;30;506;45.2656
172;172;163;507;11005;1;0;11001;66;10;88;20;507;24.2093
172;172;164;508;11005;2;0;11001;66;10;132;30;508;69.0318
173;172;164;509;11025;0;2;11021;132;30;66;10;509;68.8149
173;173;164;510;11025;1;2;11021;132;30;88;20;510;44.9198
174;173;164;511;11028;0;1;11024;88;20;66;10;511;24.0082
174;173;165;512;11028;2;1;11024;88;20;132;30;512;45.4606
174;174;165;513;11105;1;0;11101;66;10;88;20;513;24.94
174;174;166;514;11105;2;0;11101;66;10;133;30;514;70.1812
175;174;166;515;11125;0;2;11121;133;30;66;10;515;69.1977
175;175;166;516;11125;1;2;11121;133;30;89;20;516;45.1148
176;175;166;517;11128;0;1;11124;88;20;66;10;517;23.464
176;175;167;518;11128;2;1;11124;88;20;133;30;518;46.632
176;176;167;519;11205;1;0;11201;67;10;89;20;519;24.7569
176;176;168;520;11205;2;0;11201;67;10;134;30;520;70.373
177;176;168;521;11225;0;2;11221;134;30;67;10;521;69.5807
177;177;168;522;11225;1;2;11221;134;30;89;20;522;45.3099
178;177;168;523;11228;0;1;11224;89;20;67;10;523;23.8265
178;177;169;524;11228;2;1;11224;89;20;134;30;524;46.8274
178;178;169;525;11305;1;0;11301;67;10;90;20;525;25.4908
178;178;170;526;11305;2;0;11301;67;10;135;30;526;71.5243
179;178;170;527;11325;0;2;11321;135;30;67;10;527;69.964
179;179;170;528;11325;1;2;11321;135;30;90;20;528;45.5049
180;179;170;529;11328;0;1;11324;90;20;67;10;529;24.1902
180;179;171;530;11328;2;1;11324;90;20;135;30;530;47.0228
180;180;171;531;11405;1;0;11401;68;10;91;20;531;25.307
180;180;172;532;11405;2;0;11401;68;10;136;30;532;71.7163
181;180;172;533;11425;0;2;11421;137;30;68;10;533;71.3067
181;181;172;534;11425;1;2;11421;137;30;91;20;534;46.6764
182;181;172;535;11428;0;1;11424;91;20;68;10;535;24.5549
182;181;173;536;11428;2;1;11424;91;20;137;30;536;47.2182
182;182;173;537;11505;1;0;11501;69;10;92;20;537;25.1234
182;182;174;538;11505;2;0;11501;69;10;138;30;538;71.9084
183;182;174;539;11525;0;2;11521;138;30;69;10;539;71.6907
183;183;174;540;11525;1;2;11521;138;30;92;20;540;46.8717
184;183;174;541;11528;0;1;11524;92;20;69;10;541;24.9208
184;183;175;542;11528;2;1;11524;92;20;138;30;542;47.4137
184;184;175;543;11605;1;0;11601;69;10;92;20;543;25.8592
184;184;176;544;11605;2;0;11601;69;10;139;30;544;73.0618
185;184;176;545;11625;0;2;11621;139;30;69;10;545;72.0749
185;185;176;546;11625;1;2;11621;139;30;93;20;546;47.0672
186;185;176;547;11628;0;1;11624;92;20;69;10;547;24.3724
186;185;177;548;11628;2;1;11624;92;20;139;30;548;48.5874
186;186;177;549;11705;1;0;11701;70;10;93;20;549;25.6749
186;186;178;550;11705;2;0;11701;70;10;140;30;550;73.2542
187;186;178;551;11725;0;2;11721;140;30;70;10;551;72.4593
187;187;178;552;11725;1;2;11721;140;30;93;20;552;47.2626
188;187;178;553;11728;0;1;11724;93;20;70;10;553;24.7377
188;187;179;554;11728;2;1;11724;93;20;140;30;554;48.7831
188;188;179;555;11805;1;0;11801;70;10;94;20;555;26.4136
188;188;180;556;11805;2;0;11801;70;10;141;30;556;74.4094
189;188;180;557;11825;0;2;11821;141;30;70;10;557;72.8438
189;189;180;558;11825;1;2;11821;141;30;94;20;558;47.4581
190;189;180;559;11828;0;1;11824;94;20;70;10;559;25.1041
190;189;181;560;11828;2;1;11824;94;20;141;30;560;48.9789
190;190;181;561;11905;1;0;11901;71;10;95;20;561;26.2286
190;190;182;562;11905;2;0;11901;71;10;142;30;562;74.602
191;190;182;563;11925;0;2;11921;143;30;71;10;563;74.191
191;191;182;564;11925;1;2;11921;143;30;95;20;564;48.6318
192;191;182;565;11928;0;1;11924;95;20;71;10;565;25.4715
192;191;183;566;11928;2;1;11924;95;20;143;30;566;49.1747
192;192;183;567;12005;1;0;12001;72;10;96;20;567;26.0438
192;192;184;568;12005;2;0;12001;72;10;144;30;568;74.7947
193;192;184;569;12025;0;2;12021;144;30;72;10;569;74.5763
193;193;184;570;12025;1;2;12021;144;30;96;20;570;48.8276
194;193;184;571;12028;0;1;12024;96;20;72;10;571;25.8399
194;193;185;572;12028;2;1;12024;96;20;144;30;572;49.3705
194;194;185;573;12105;1;0;12101;72;10;96;20;573;26.7842
194;194;186;574;12105;2;0;12101;72;10;145;30;574;75.9517
195;194;186;575;12125;0;2;12121;145;30;72;10;575;74.9617
195;195;186;576;12125;1;2;12121;145;30;97;20;576;49.0233
196;195;186;577;12128;0;1;12124;96;20;72;10;577;25.2877
196;195;187;578;12128;2;1;12124;96;20;145;30;578;50.5462
196;196;187;579;12205;1;0;12201;73;10;97;20;579;26.5988
196;196;188;580;12205;2;0;12201;73;10;146;30;580;76.1447
197;196;188;581;12225;0;2;12221;146;30;73;10;581;75.3473
197;197;188;582;12225;1;2;12221;146;30;97;20;582;49.2191
198;197;188;583;12228;0;1;12224;97;20;73;10;583;25.6556
198;197;189;584;12228;2;1;12224;97;20;146;30;584;50.7423
198;198;189;585;12305;1;0;12301;73;10;98;20;585;27.3418
198;198;190;586;12305;2;0;12301;73;10;147;30;586;77.3032
199;198;190;587;12325;0;2;12321;147;30;73;10;587;75.733
199;199;190;588;12325;1;2;12321;147;30;98;20;588;49.415
200;199;190;589;12328;0;1;12324;98;20;73;10;589;26.0244
200;199;191;590;12328;2;1;12324;98;20;147;30;590;50.9384
200;200;191;591;12405;1;0;12401;74;10;99;20;591;27.1557
200;200;192;592;12405;2;0;12401;74;10;148;30;592;77.4964
201;200;192;593;12425;0;2;12421;149;30;74;10;593;77.0842
201;201;192;594;12425;1;2;12421;149;30;99;20;594;50.5907
202;201;192;595;12428;0;1;12424;99;20;74;10;595;26.3941
202;201;193;596;12428;2;1;12424;99;20;149;30;596;51.1345
202;202;193;597;12505;1;0;12501;75;10;100;20;597;26.9699
202;202;194;598;12505;2;0;12501;75;10;150;30;598;77.6896
203;202;194;599;12525;0;2;12521;150;30;75;10;599;77.4706
203;203;194;600;12525;1;2;12521;150;30;100;20;600;50.7868
204;203;194;601;12528;0;1;12524;100;20;75;10;601;26.7647
204;203;195;602;12528;2;1;12524;100;20;150;30;602;51.3306
204;204;195;603;12605;1;0;12601;75;10;100;20;603;27.7144
204;204;196;604;12605;2;0;12601;75;10;151;30;604;78.8498
205;204;196;605;12625;0;2;12621;151;30;75;10;605;77.8571
205;205;196;606;12625;1;2;12621;151;30;101;20;606;50.9829
206;205;196;607;12628;0;1;12624;100;20;75;10;607;26.2092
206;205;197;608;12628;2;1;12624;100;20;151;30;608;52.5082
206;206;197;609;12705;1;0;12701;76;10;101;20;609;27.528
206;206;198;610;12705;2;0;12701;76;10;152;30;610;79.0433
207;206;198;611;12725;0;2;12721;152;30;76;10;611;78.2437
207;207;198;612;12725;1;2;12721;152;30;101;20;612;51.179
208;207;198;613;12728;0;1;12724;101;20;76;10;613;26.5793
208;207;199;614;12728;2;1;12724;101;20;152;30;614;52.7045
208;208;199;615;12805;1;0;12801;76;10;102;20;615;28.2748
208;208;200;616;12805;2;0;12801;76;10;153;30;616;80.2048
209;208;200;617;12825;0;2;12821;153;30;76;10;617;78.6305
209;209;200;618;12825;1;2;12821;153;30;102;20;618;51.3752
210;209;200;619;12828;0;1;12824;102;20;76;10;619;26.9504
210;209;201;620;12828;2;1;12824;102;20;153;30;620;52.9009
210;210;201;621;12905;1;0;12901;77;10;103;20;621;28.0879
210;210;202;622;12905;2;0;12901;77;10;154;30;622;80.3985
211;210;202;623;12925;0;2;12921;155;30;77;10;623;79.9852
211;211;202;624;12925;1;2;12921;155;30;103;20;624;52.5528
212;211;202;625;12928;0;1;12924;103;20;77;10;625;27.3222
212;211;203;626;12928;2;1;12924;103;20;155;30;626;53.0973
212;212;203;627;13005;1;0;13001;78;10;104;20;627;27.901
212;212;204;628;13005;2;0;13001;78;10;156;30;628;80.5922
213;212;204;629;13025;0;2;13021;156;30;78;10;629;80.3726
213;213;204;630;13025;1;2;13021;156;30;104;20;630;52.7491
214;213;204;631;13028;0;1;13024;104;20;78;10;631;27.6948
214;213;205;632;13028;2;1;13024;104;20;156;30;632;53.2937
214;214;205;633;13105;1;0;13101;78;10;104;20;633;28.6493
214;214;206;634;13105;2;0;13101;78;10;157;30;634;81.7552
215;214;206;635;13125;0;2;13121;157;30;78;10;635;80.7601
215;215;206;636;13125;1;2;13121;157;30;105;20;636;52.9455
216;215;206;637;13128;0;1;13124;104;20;78;10;637;27.1362
216;215;207;638;13128;2;1;13124;104;20;157;30;638;54.4729
216;216;207;639;13205;1;0;13201;79;10;105;20;639;28.462
216;216;208;640;13205;2;0;13201;79;10;158;30;640;81.9491
217;216;208;641;13225;0;2;13221;158;30;79;10;641;81.1477
217;217;208;642;13225;1;2;13221;158;30;105;20;642;53.1419
218;217;208;643;13228;0;1;13224;105;20;79;10;643;27.5084
218;217;209;644;13228;2;1;13224;105;20;158;30;644;54.6695
218;218;209;645;13305;1;0;13301;79;10;106;20;645;29.2123
218;218;210;646;13305;2;0;13301;79;10;159;30;646;83.1134
219;218;210;647;13325;0;2;13321;159;30;79;10;647;81.5354
219;219;210;648;13325;1;2;13321;159;30;106;20;648;53.3384
220;219;210;649;13328;0;1;13324;106;20;79;10;649;27.8814
220;219;211;650;13328;2;1;13324;106;20;159;30;650;54.8661
220;220;211;651;13405;1;0;13401;80;10;107;20;651;29.0245
220;220;212;652;13405;2;0;13401;80;10;160;30;652;83.3075
221;220;212;653;13425;0;2;13421;161;30;80;10;653;82.8933
221;221;212;654;13425;1;2;13421;161;30;107;20;654;54.5176
222;221;212;655;13428;0;1;13424;107;20;80;10;655;28.2552
222;221;213;656;13428;2;1;13424;107;20;161;30;656;55.0628
222;222;213;657;13505;1;0;13501;81;10;108;20;657;28.8368
222;222;214;658;13505;2;0;13501;81;10;162;30;658;83.5017
223;222;214;659;13525;0;2;13521;162;30;81;10;659;83.2816
223;223;214;660;13525;1;2;13521;162;30;108;20;660;54.7142
224;223;214;661;13528;0;1;13524;108;20;81;10;661;28.6297
224;223;215;662;13528;2;1;13524;108;20;162;30;662;55.2595
224;224;215;663;13605;1;0;13601;81;10;108;20;663;29.5885
224;224;216;664;13605;2;0;13601;81;10;163;30;664;84.6672
225;224;216;665;13625;0;2;13621;163;30;81;10;665;83.6699
225;225;216;666;13625;1;2;13621;163;30;109;20;666;54.9108
226;225;216;667;13628;0;1;13624;108;20;81;10;667;28.0682
226;225;217;668;13628;2;1;13624;108;20;163;30;668;56.4401
226;226;217;669;13705;1;0;13701;82;10;109;20;669;29.4003
226;226;218;670;13705;2;0;13701;82;10;164;30;670;84.8616
227;226;218;671;13725;0;2;13721;164;30;82;10;671;84.0584
227;227;218;672;13725;1;2;13721;164;30;109;20;672;55.1075
228;227;218;673;13728;0;1;13724;109;20;82;10;673;28.4423
228;227;219;674;13728;2;1;13724;109;20;164;30;674;56.6369
228;228;219;675;13805;1;0;13801;82;10;110;20;675;30.1539
228;228;220;676;13805;2;0;13801;82;10;165;30;676;86.0283
229;228;220;677;13825;0;2;13821;165;30;82;10;677;84.447
229;229;220;678;13825;1;2;13821;165;30;110;20;678;55.3042
230;229;220;679;13828;0;1;13824;110;20;82;10;679;28.8171
230;229;221;680;13828;2;1;13824;110;20;165;30;680;56.8338
230;230;221;681;13905;1;0;13901;83;10;111;20;681;29.9653
230;230;222;682;13905;2;0;13901;83;10;166;30;682;86.2228
231;230;222;683;13925;0;2;13921;167;30;83;10;683;85.8078
231;231;222;684;13925;1;2;13921;167;30;111;20;684;56.4848
232;231;222;685;13928;0;1;13924;111;20;83;10;685;29.1926
232;231;223;686;13928;2;1;13924;111;20;167;30;686;57.0307
232;232;223;687;14005;1;0;14001;84;10;112;20;687;29.7768
232;232;224;688;14005;2;0;14001;84;10;168;30;688;86.4173
233;232;224;689;14025;0;2;14021;168;30;84;10;689;86.1968
233;233;224;690;14025;1;2;14021;168;30;112;20;690;56.6817
234;233;224;691;14028;0;1;14024;112;20;84;10;691;29.5687
234;233;225;692;14028;2;1;14024;112;20;168;30;692;57.2276
234;234;225;693;14105;1;0;14101;84;10;112;20;693;30.5315
234;234;226;694;14105;2;0;14101;84;10;169;30;694;87.5852
235;234;226;695;14125;0;2;14121;169;30;84;10;695;86.5859
235;235;226;696;14125;1;2;14121;169;30;113;20;696;56.8785
236;235;226;697;14128;0;1;14124;112;20;84;10;697;29.0048
236;235;227;698;14128;2;1;14124;112;20;169;30;698;58.4095
236;236;227;699;14205;1;0;14201;85;10;113;20;699;30.3426
236;236;228;700;14205;2;0;14201;85;10;170;30;700;87.7799
237;236;228;701;14225;0;2;14221;170;30;85;10;701;86.9752
237;237;228;702;14225;1;2;14221;170;30;113;20;702;57.0754
238;237;228;703;14228;0;1;14224;113;20;85;10;703;29.3806
238;237;229;704;14228;2;1;14224;113;20;170;30;704;58.6066
238;238;229;705;14305;1;0;14301;85;10;114;20;705;31.0991
238;238;230;706;14305;2;0;14301;85;10;171;30;706;88.9488
239;238;230;707;14325;0;2;14321;171;30;85;10;707;87.3645
239;239;230;708;14325;1;2;14321;171;30;114;20;708;57.2724
240;239;230;709;14328;0;1;14324;114;20;85;10;709;29.757
240;239;231;710;14328;2;1;14324;114;20;171;30;710;58.8037
240;240;231;711;14405;1;0;14401;86;10;115;20;711;30.9097
240;240;232;712;14405;2;0;14401;86;10;172;30;712;89.1437
241;240;232;713;14425;0;2;14421;173;30;86;10;713;88.7279
241;241;232;714;14425;1;2;14421;173;30;115;20;714;58.4543
242;241;232;715;14428;0;1;14424;115;20;86;10;715;30.1341
242;241;233;716;14428;2;1;14424;115;20;173;30;716;59.0008
242;242;233;717;14505;1;0;14501;87;10;116;20;717;30.7206
242;242;234;718;14505;2;0;14501;87;10;174;30;718;89.3386
243;242;234;719;14525;0;2;14521;174;30;87;10;719;89.1176
243;243;234;720;14525;1;2;14521;174;30;116;20;720;58.6514
244;243;234;721;14528;0;1;14524;116;20;87;10;721;30.5117
244;243;235;722;14528;2;1;14524;116;20;174;30;722;59.1979
244;244;235;723;14605;1;0;14601;87;10;116;20;723;31.4781
244;244;236;724;14605;2;0;14601;87;10;175;30;724;90.5085
245;244;236;725;14625;0;2;14621;175;30;87;10;725;89.5075
245;245;236;726;14625;1;2;14621;175;30;117;20;726;58.8484
246;245;236;727;14628;0;1;14624;116;20;87;10;727;29.9455
246;245;237;728;14628;2;1;14624;116;20;175;30;728;60.381
246;246;237;729;14705;1;0;14701;88;10;117;20;729;31.2885
246;246;238;730;14705;2;0;14701;88;10;176;30;730;90.7036
247;246;238;731;14725;0;2;14721;176;30;88;10;731;89.8974
247;247;238;732;14725;1;2;14721;176;30;117;20;732;59.0455
248;247;238;733;14728;0;1;14724;117;20;88;10;733;30.3228
248;247;239;734;14728;2;1;14724;117;20;176;30;734;60.5782
248;248;239;735;14805;1;0;14801;88;10;118;20;735;32.0476
248;248;240;736;14805;2;0;14801;88;10;177;30;736;91.8744
249;248;240;737;14825;0;2;14821;177;30;88;10;737;90.2874
249;249;240;738;14825;1;2;14821;177;30;118;20;738;59.2427
250;249;240;739;14828;0;1;14824;118;20;88;10;739;30.7007
250;249;241;740;14828;2;1;14824;118;20;177;30;740;60.7755
250;250;241;741;14905;1;0;14901;89;10;119;20;741;31.8576
250;250;242;742;14905;2;0;14901;89;10;178;30;742;92.0697
251;250;242;743;14925;0;2;14921;179;30;89;10;743;91.6532
251;251;242;744;14925;1;2;14921;179;30;119;20;744;60.4258
252;251;242;745;14928;0;1;14924;119;20;89;10;745;31.0792
252;251;243;746;14928;2;1;14924;119;20;179;30;746;60.9728
252;252;243;747;15005;1;0;15001;90;10;120;20;747;31.6678
252;252;244;748;15005;2;0;15001;90;10;180;30;748;92.2649
253;252;244;749;15025;0;2;15021;180;30;90;10;749;92.0436
253;253;244;750;15025;1;2;15021;180;30;120;20;750;60.623
254;253;244;751;15028;0;1;15024;120;20;90;10;751;31.4582
254;253;245;752;15028;2;1;15024;120;20;180;30;752;61.1701
254;254;245;753;15105;1;0;15101;90;10;120;20;753;32.4278
254;254;246;754;15105;2;0;15101;90;10;181;30;754;93.4367
255;254;246;755;15125;0;2;15121;181;30;90;10;755;92.4341
255;255;246;756;15125;1;2;15121;181;30;121;20;756;60.8203
256;255;246;757;15128;0;1;15124;120;20;90;10;757;30.8899
256;255;247;758;15128;2;1;15124;120;20;181;30;758;62.3542
256;256;247;759;15205;1;0;15201;91;10;121;20;759;32.2376
256;256;248;760;15205;2;0;15201;91;10;182;30;760;93.6321
257;256;248;761;15225;0;2;15221;182;30;91;10;761;92.8246
257;257;248;762;15225;1;2;15221;182;30;121;20;762;61.0176
258;257;248;763;15228;0;1;15224;121;20;91;10;763;31.2686
258;257;249;764;15228;2;1;15224;121;20;182;30;764;62.5517
258;258;249;765;15305;1;0;15301;91;10;122;20;765;32.9991
258;258;250;766;15305;2;0;15301;91;10;183;30;766;94.8048
259;258;250;767;15325;0;2;15321;183;30;91;10;767;93.2153
259;259;250;768;15325;1;2;15321;183;30;122;20;768;61.2149
260;259;250;769;15328;0;1;15324;122;20;91;10;769;31.6479
260;259;251;770;15328;2;1;15324;122;20;183;30;770;62.7491
260;260;251;771;15405;1;0;15401;92;10;123;20;771;32.8086
260;260;252;772;15405;2;0;15401;92;10;184;30;772;95.0003
261;260;252;773;15425;0;2;15421;185;30;92;10;773;94.5832
261;261;252;774;15425;1;2;15421;185;30;123;20;774;62.3991
262;261;252;775;15428;0;1;15424;123;20;92;10;775;32.0276
262;261;253;776;15428;2;1;15424;123;20;185;30;776;62.9465
262;262;253;777;15505;1;0;15501;93;10;124;20;777;32.6181
262;262;254;778;15505;2;0;15501;93;10;186;30;778;95.1958
263;262;254;779;15525;0;2;15521;186;30;93;10;779;94.9741
263;263;254;780;15525;1;2;15521;186;30;124;20;780;62.5965
264;263;254;781;15528;0;1;15524;124;20;93;10;781;32.4078
264;263;255;782;15528;2;1;15524;124;20;186;30;782;63.144
264;264;255;783;15605;1;0;15601;93;10;124;20;783;33.3805
264;264;256;784;15605;2;0;15601;93;10;187;30;784;96.3693
265;264;256;785;15625;0;2;15621;187;30;93;10;785;95.3652
265;265;256;786;15625;1;2;15621;187;30;125;20;786;62.7939
266;265;256;787;15628;0;1;15624;124;20;93;10;787;31.8377
266;265;257;788;15628;2;1;15624;124;20;187;30;788;64.3291
266;266;257;789;15705;1;0;15701;94;10;125;20;789;33.1898
266;266;258;790;15705;2;0;15701;94;10;188;30;790;96.565
267;266;258;791;15725;0;2;15721;188;30;94;10;791;95.7564
267;267;258;792;15725;1;2;15721;188;30;125;20;792;62.9914
268;267;258;793;15728;0;1;15724;125;20;94;10;793;32.2177
268;267;259;794;15728;2;1;15724;125;20;188;30;794;64.5267
268;268;259;795;15805;1;0;15801;94;10;126;20;795;33.9534
268;268;260;796;15805;2;0;15801;94;10;189;30;796;97.7393
269;268;260;797;15825;0;2;15821;189;30;94;10;797;96.1476
269;269;260;798;15825;1;2;15821;189;30;126;20;798;63.1889
270;269;260;799;15828;0;1;15824;126;20;94;10;799;32.5981
270;269;261;800;15828;2;1;15824;126;20;189;30;800;64.7243
270;270;261;801;15905;1;0;15901;95;10;127;20;801;33.7624
270;270;262;802;15905;2;0;15901;95;10;190;30;802;97.9351
271;270;262;803;15925;0;2;15921;191;30;95;10;803;97.5174
271;271;262;804;15925;1;2;15921;191;30;127;20;804;64.374
272;271;262;805;15928;0;1;15924;127;20;95;10;805;32.9791
272;271;263;806;15928;2;1;15924;127;20;191;30;806;64.9219
272;272;263;807;16005;1;0;16001;96;10;128;20;807;33.5714
272;272;264;808;16005;2;0;16001;96;10;192;30;808;98.1309
273;272;264;809;16025;0;2;16021;192;30;96;10;809;97.9089
273;273;264;810;16025;1;2;16021;192;30;128;20;810;64.5716
274;273;264;811;16028;0;1;16024;128;20;96;10;811;33.3605
274;273;265;812;16028;2;1;16024;128;20;192;30;812;65.1195
274;274;265;813;16105;1;0;16101;96;10;128;20;813;34.3359
274;274;266;814;16105;2;0;16101;96;10;193;30;814;99.306
275;274;266;815;16125;0;2;16121;193;30;96;10;815;98.3005
275;275;266;816;16125;1;2;16121;193;30;129;20;816;64.7692
276;275;266;817;16128;0;1;16124;128;20;96;10;817;32.7886
276;275;267;818;16128;2;1;16124;128;20;193;30;818;66.3056
276;276;267;819;16205;1;0;16201;97;10;129;20;819;34.1446
276;276;268;820;16205;2;0;16201;97;10;194;30;820;99.5019
277;276;268;821;16225;0;2;16221;194;30;97;10;821;98.6922
277;277;268;822;16225;1;2;16221;194;30;129;20;822;64.9668
278;277;268;823;16228;0;1;16224;129;20;97;10;823;33.1697
278;277;269;824;16228;2;1;16224;129;20;194;30;824;66.5033
278;278;269;825;16305;1;0;16301;97;10;130;20;825;34.9103
278;278;270;826;16305;2;0;16301;97;10;195;30;826;100.678
279;278;270;827;16325;0;2;16321;195;30;97;10;827;99.0839
279;279;270;828;16325;1;2;16321;195;30;130;20;828;65.1644
280;279;270;829;16328;0;1;16324;130;20;97;10;829;33.5513
280;279;271;830;16328;2;1;16324;130;20;195;30;830;66.701
280;280;271;831;16405;1;0;16401;98;10;131;20;831;34.7187
280;280;272;832;16405;2;0;16401;98;10;196;30;832;100.874
281;280;272;833;16425;0;2;16421;197;30;98;10;833;100.455
281;281;272;834;16425;1;2;16421;197;30;131;20;834;66.3505
282;281;272;835;16428;0;1;16424;131;20;98;10;835;33.9334
282;281;273;836;16428;2;1;16424;131;20;197;30;836;66.8988
282;282;273;837;16505;1;0;16501;99;10;132;20;837;34.5273
282;282;274;838;16505;2;0;16501;99;10;198;30;838;101.07
283;282;274;839;16525;0;2;16521;198;30;99;10;839;100.848
283;283;274;840;16525;1;2;16521;198;30;132;20;840;66.5482
284;283;274;841;16528;0;1;16524;132;20;99;10;841;34.3158
284;283;275;842;16528;2;1;16524;132;20;198;30;842;67.0965
284;284;275;843;16605;1;0;16601;99;10;132;20;843;35.2937
284;284;276;844;16605;2;0;16601;99;10;199;30;844;102.246
285;284;276;845;16625;0;2;16621;199;30;99;10;845;101.24
285;285;276;846;16625;1;2;16621;199;30;133;20;846;66.7459
286;285;276;847;16628;0;1;16624;132;20;99;10;847;33.7423
286;285;277;848;16628;2;1;16624;132;20;199;30;848;68.2834
286;286;277;849;16705;1;0;16701;100;10;133;20;849;35.102
286;286;278;850;16705;2;0;16701;100;10;200;30;850;102.442
287;286;278;851;16725;0;2;16721;200;30;100;10;851;101.632
287;287;278;852;16725;1;2;16721;200;30;133;20;852;66.9437
288;287;278;853;16728;0;1;16724;133;20;100;10;853;34.1245
288;287;279;854;16728;2;1;16724;133;20;200;30;854;68.4812
288;288;279;855;16805;1;0;16801;100;10;134;20;855;35.8696
288;288;280;856;16805;2;0;16801;100;10;201;30;856;103.62
289;288;280;857;16825;0;2;16821;201;30;100;10;857;102.024
289;289;280;858;16825;1;2;16821;201;30;134;20;858;67.1414
290;289;280;859;16828;0;1;16824;134;20;100;10;859;34.5072
290;289;281;860;16828;2;1;16824;134;20;201;30;860;68.6791
290;290;281;861;16905;1;0;16901;101;10;135;20;861;35.6775
290;290;282;862;16905;2;0;16901;101;10;202;30;862;103.816
291;290;282;863;16925;0;2;16921;203;30;101;10;863;103.397
291;291;282;864;16925;1;2;16921;203;30;135;20;864;68.3283
292;291;282;865;16928;0;1;16924;135;20;101;10;865;34.8902
292;291;283;866;16928;2;1;16924;135;20;203;30;866;68.8769
292;292;283;867;17005;1;0;17001;102;10;136;20;867;35.4856
292;292;284;868;17005;2;0;17001;102;10;204;30;868;104.012
293;292;284;869;17025;0;2;17021;204;30;102;10;869;103.79
293;293;284;870;17025;1;2;17021;204;30;136;20;870;68.5261
294;293;284;871;17028;0;1;17024;136;20;102;10;871;35.2736
294;293;285;872;17028;2;1;17024;136;20;204;30;872;69.0748
294;294;285;873;17105;1;0;17101;102;10;136;20;873;36.2539
294;294;286;874;17105;2;0;17101;102;10;205;30;874;105.19
295;294;286;875;17125;0;2;17121;205;30;102;10;875;104.182
295;295;286;876;17125;1;2;17121;205;30;137;20;876;68.724
296;295;286;877;17128;0;1;17124;136;20;102;10;877;34.6986
296;295;287;878;17128;2;1;17124;136;20;205;30;878;70.2624
296;296;287;879;17205;1;0;17201;103;10;137;20;879;36.0617
296;296;288;880;17205;2;0;17201;103;10;206;30;880;105.386
297;296;288;881;17225;0;2;17221;206;30;103;10;881;104.575
297;297;288;882;17225;1;2;17221;206;30;137;20;882;68.9219
298;297;288;883;17228;0;1;17224;137;20;103;10;883;35.0819
298;297;289;884;17228;2;1;17224;137;20;206;30;884;70.4604
298;298;289;885;17305;1;0;17301;103;10;138;20;885;36.831
298;298;290;886;17305;2;0;17301;103;10;207;30;886;106.565
299;298;290;887;17325;0;2;17321;207;30;103;10;887;104.967
299;299;290;888;17325;1;2;17321;207;30;138;20;888;69.1198
300;299;290;889;17328;0;1;17324;138;20;103;10;889;35.4654
300;299;291;890;17328;2;1;17324;138;20;207;30;890;70.6584
300;300;291;891;17405;1;0;17401;104;10;139;20;891;36.6385
300;300;292;892;17405;2;0;17401;104;10;208;30;892;106.761
301;300;292;893;17425;0;2;17421;209;30;104;10;893;106.342
301;301;292;894;17425;1;2;17421;209;30;139;20;894;70.3074
302;301;292;895;17428;0;1;17424;139;20;104;10;895;35.8494
302;301;293;896;17428;2;1;17424;139;20;209;30;896;70.8563
302;302;293;897;17505;1;0;17501;105;10;140;20;897;36.4462
302;302;294;898;17505;2;0;17501;105;10;210;30;898;106.958
303;302;294;899;17525;0;2;17521;210;30;105;10;899;106.735
303;303;294;900;17525;1;2;17521;210;30;140;20;900;70.5053
304;303;294;901;17528;0;1;17524;140;20;105;10;901;36.2337
304;303;295;902;17528;2;1;17524;140;20;210;30;902;71.0543
304;304;295;903;17605;1;0;17601;105;10;140;20;903;37.2161
304;304;296;904;17605;2;0;17601;105;10;211;30;904;108.137
305;304;296;905;17625;0;2;17621;211;30;105;10;905;107.128
305;305;296;906;17625;1;2;17621;211;30;141;20;906;70.7033
306;305;296;907;17628;0;1;17624;140;20;105;10;907;35.6574
306;305;297;908;17628;2;1;17624;140;20;211;30;908;72.2426
306;306;297;909;17705;1;0;17701;106;10;141;20;909;37.0235
306;306;298;910;17705;2;0;17701;106;10;212;30;910;108.333
307;306;298;911;17725;0;2;17721;212;30;106;10;911;107.521
307;307;298;912;17725;1;2;17721;212;30;141;20;912;70.9013
308;307;298;913;17728;0;1;17724;141;20;106;10;913;36.0415
308;307;299;914;17728;2;1;17724;141;20;212;30;914;72.4407
308;308;299;915;17805;1;0;17801;106;10;142;20;915;37.7944
308;308;300;916;17805;2;0;17801;106;10;213;30;916;109.513
309;308;300;917;17825;0;2;17821;213;30;106;10;917;107.914
309;309;300;918;17825;1;2;17821;213;30;142;20;918;71.0993
310;309;300;919;17828;0;1;17824;142;20;106;10;919;36.426
310;309;301;920;17828;2;1;17824;142;20;213;30;920;72.6388
310;310;301;921;17905;1;0;17901;107;10;143;20;921;37.6015
310;310;302;922;17905;2;0;17901;107;10;214;30;922;109.71
311;310;302;923;17925;0;2;17921;215;30;107;10;923;109.29
311;311;302;924;17925;1;2;17921;215;30;143;20;924;72.2876
312;311;302;925;17928;0;1;17924;143;20;107;10;925;36.8108
312;311;303;926;17928;2;1;17924;143;20;215;30;926;72.8369
312;312;303;927;18005;1;0;18001;108;10;144;20;927;37.4088
312;312;304;928;18005;2;0;18001;108;10;216;30;928;109.906
313;312;304;929;18025;0;2;18021;216;30;108;10;929;109.683
313;313;304;930;18025;1;2;18021;216;30;144;20;930;72.4857
314;313;304;931;18028;0;1;18024;144;20;108;10;931;37.1959
314;313;305;932;18028;2;1;18024;144;20;216;30;932;73.035
314;314;305;933;18105;1;0;18101;108;10;144;20;933;38.1803
314;314;306;934;18105;2;0;18101;108;10;217;30;934;111.086
315;314;306;935;18125;0;2;18121;217;30;108;10;935;110.077
315;315;306;936;18125;1;2;18121;217;30;145;20;936;72.6838
316;315;306;937;18128;0;1;18124;144;20;108;10;937;36.6183
316;315;307;938;18128;2;1;18124;144;20;217;30;938;74.2239
316;316;307;939;18205;1;0;18201;109;10;145;20;939;37.9873
316;316;308;940;18205;2;0;18201;109;10;218;30;940;111.283
317;316;308;941;18225;0;2;18221;218;30;109;10;941;110.47
317;317;308;942;18225;1;2;18221;218;30;145;20;942;72.8819
318;317;308;943;18228;0;1;18224;145;20;109;10;943;37.0033
318;317;309;944;18228;2;1;18224;145;20;218;30;944;74.422
318;318;309;945;18305;1;0;18301;109;10;146;20;945;38.7596
318;318;310;946;18305;2;0;18301;109;10;219;30;946;112.464
319;318;310;947;18325;0;2;18321;219;30;109;10;947;110.863
319;319;310;948;18325;1;2;18321;219;30;146;20;948;73.08
320;319;310;949;18328;0;1;18324;146;20;109;10;949;37.3885
320;319;311;950;18328;2;1;18324;146;20;219;30;950;74.6202
320;320;311;951;18405;1;0;18401;110;10;147;20;951;38.5664
320;320;312;952;18405;2;0;18401;110;10;220;30;952;112.661
321;320;312;953;18425;0;2;18421;221;30;110;10;953;112.241
321;321;312;954;18425;1;2;18421;221;30;147;20;954;74.2689
322;321;312;955;18428;0;1;18424;147;20;110;10;955;37.7741
322;321;313;956;18428;2;1;18424;147;20;221;30;956;74.8184
322;322;313;957;18505;1;0;18501;111;10;148;20;957;38.3733
322;322;314;958;18505;2;0;18501;111;10;222;30;958;112.857
323;322;314;959;18525;0;2;18521;222;30;111;10;959;112.634
323;323;314;960;18525;1;2;18521;222;30;148;20;960;74.4671
324;323;314;961;18528;0;1;18524;148;20;111;10;961;38.16
324;323;315;962;18528;2;1;18524;148;20;222;30;962;75.0166
324;324;315;963;18605;1;0;18601;111;10;148;20;963;39.1462
324;324;316;964;18605;2;0;18601;111;10;223;30;964;114.039
325;324;316;965;18625;0;2;18621;223;30;111;10;965;113.028
325;325;316;966;18625;1;2;18621;223;30;149;20;966;74.6653
326;325;316;967;18628;0;1;18624;148;20;111;10;967;37.5813
326;325;317;968;18628;2;1;18624;148;20;223;30;968;76.2061
326;326;317;969;18705;1;0;18701;112;10;149;20;969;38.9529
326;326;318;970;18705;2;0;18701;112;10;224;30;970;114.236
327;326;318;971;18725;0;2;18721;224;30;112;10;971;113.422
327;327;318;972;18725;1;2;18721;224;30;149;20;972;74.8635
328;327;318;973;18728;0;1;18724;149;20;112;10;973;37.967
328;327;319;974;18728;2;1;18724;149;20;224;30;974;76.4044
328;328;319;975;18805;1;0;18801;112;10;150;20;975;39.7266
328;328;320;976;18805;2;0;18801;112;10;225;30;976;115.417
329;328;320;977;18825;0;2;18821;225;30;112;10;977;113.815
329;329;320;978;18825;1;2;18821;225;30;150;20;978;75.0617
330;329;320;979;18828;0;1;18824;150;20;112;10;979;38.353
330;329;321;980;18828;2;1;18824;150;20;225;30;980;76.6027
330;330;321;981;18905;1;0;18901;113;10;151;20;981;39.5331
330;330;322;982;18905;2;0;18901;113;10;226;30;982;115.614
331;330;322;983;18925;0;2;18921;227;30;113;10;983;115.194
331;331;322;984;18925;1;2;18921;227;30;151;20;984;76.2511
332;331;322;985;18928;0;1;18924;151;20;113;10;985;38.7394
332;331;323;986;18928;2;1;18924;151;20;227;30;986;76.801
332;332;323;987;19005;1;0;19001;114;10;152;20;987;39.3396
332;332;324;988;19005;2;0;19001;114;10;228;30;988;115.811
333;332;324;989;19025;0;2;19021;228;30;114;10;989;115.588
333;333;324;990;19025;1;2;19021;228;30;152;20;990;76.4494
334;333;324;991;19028;0;1;19024;152;20;114;10;991;39.1259
334;333;325;992;19028;2;1;19024;152;20;228;30;992;76.9993
334;334;325;993;19105;1;0;19101;114;10;152;20;993;40.1139
334;334;326;994;19105;2;0;19101;114;10;229;30;994;116.993
335;334;326;995;19125;0;2;19121;229;30;114;10;995;115.982
335;335;326;996;19125;1;2;19121;229;30;153;20;996;76.6477
336;335;326;997;19128;0;1;19124;152;20;114;10;997;38.5462
336;335;327;998;19128;2;1;19124;152;20;229;30;998;78.1893
336;336;327;999;19205;1;0;19201;115;10;153;20;999;39.9202
336;336;328;1000;19205;2;0;19201;115;10;230;30;1000;117.19
337;336;328;1001;19225;0;2;19221;230;30;115;10;1001;116.376
337;337;328;1002;19225;1;2;19221;230;30;153;20;1002;76.846
338;337;328;1003;19228;0;1;19224;153;20;115;10;1003;38.9326
338;337;329;1004;19228;2;1;19224;153;20;230;30;1004;78.3876
338;338;329;1005;19305;1;0;19301;115;10;154;20;1005;40.6952
338;338;330;1006;19305;2;0;19301;115;10;231;30;1006;118.373
339;338;330;1007;19325;0;2;19321;231;30;115;10;1007;116.77
339;339;330;1008;19325;1;2;19321;231;30;154;20;1008;77.0443
340;339;330;1009;19328;0;1;19324;154;20;115;10;1009;39.3193
340;339;331;1010;19328;2;1;19324;154;20;231;30;1010;78.586
340;340;331;1011;19405;1;0;19401;116;10;155;20;1011;40.5014
340;340;332;1012;19405;2;0;19401;116;10;232;30;1012;118.57
341;340;332;1013;19425;0;2;19421;233;30;116;10;1013;118.15
341;341;332;1014;19425;1;2;19421;233;30;155;20;1014;78.2343
342;341;332;1015;19428;0;1;19424;155;20;116;10;1015;39.7063
342;341;333;1016;19428;2;1;19424;155;20;233;30;1016;78.7844
342;342;333;1017;19505;1;0;19501;117;10;156;20;1017;40.3076
342;342;334;1018;19505;2;0;19501;117;10;234;30;1018;118.767
343;342;334;1019;19525;0;2;19521;234;30;117;10;1019;118.544
343;343;334;1020;19525;1;2;19521;234;30;156;20;1020;78.4327
344;343;334;1021;19528;0;1;19524;156;20;117;10;1021;40.0935
344;343;335;1022;19528;2;1;19524;156;20;234;30;1022;78.9827
344;344;335;1023;19605;1;0;19601;117;10;156;20;1023;41.0831
344;344;336;1024;19605;2;0;19601;117;10;235;30;1024;119.95
345;344;336;1025;19625;0;2;19621;235;30;117;10;1025;118.938
345;345;336;1026;19625;1;2;19621;235;30;157;20;1026;78.631
346;345;336;1027;19628;0;1;19624;156;20;117;10;1027;39.5128
346;345;337;1028;19628;2;1;19624;156;20;235;30;1028;80.1732
346;346;337;1029;19705;1;0;19701;118;10;157;20;1029;40.8891
346;346;338;1030;19705;2;0;19701;118;10;236;30;1030;120.147
347;346;338;1031;19725;0;2;19721;236;30;118;10;1031;119.332
347;347;338;1032;19725;1;2;19721;236;30;157;20;1032;78.8294
348;347;338;1033;19728;0;1;19724;157;20;118;10;1033;39.8999
348;347;339;1034;19728;2;1;19724;157;20;236;30;1034;80.3717
348;348;339;1035;19805;1;0;19801;118;10;158;20;1035;41.6653
348;348;340;1036;19805;2;0;19801;118;10;237;30;1036;121.331
349;348;340;1037;19825;0;2;19821;237;30;118;10;1037;119.727
349;349;340;1038;19825;1;2;19821;237;30;158;20;1038;79.0278
350;349;340;1039;19828;0;1;19824;158;20;118;10;1039;40.2872
350;349;341;1040;19828;2;1;19824;158;20;237;30;1040;80.5701
350;350;341;1041;19905;1;0;19901;119;10;159;20;1041;41.4711
350;350;342;1042;19905;2;0;19901;119;10;238;30;1042;121.528
351;350;342;1043;19925;0;2;19921;239;30;119;10;1043;121.107
351;351;342;1044;19925;1;2;19921;239;30;159;20;1044;80.2183
352;351;342;1045;19928;0;1;19924;159;20;119;10;1045;40.6748
352;351;343;1046;19928;2;1;19924;159;20;239;30;1046;80.7686
352;352;343;1047;20005;1;0;20001;120;10;160;20;1047;41.2771
352;352;344;1048;20005;2;0;20001;120;10;240;30;1048;121.725
353;352;344;1049;20025;0;2;20021;240;30;120;10;1049;121.502
353;353;344;1050;20025;1;2;20021;240;30;160;20;1050;80.4168
354;353;344;1051;20028;0;1;20024;160;20;120;10;1051;41.0627
354;353;345;1052;20028;2;1;20024;160;20;240;30;1052;80.9671
